order_id,payment_ref,gross_amount,currency,created_at
ord_1,pay_1,10776.00,INR,2026-08-02T10:00:00
ord_2,pay_2,12449.00,INR,2026-08-03T11:00:00
ord_3,pay_3,3957.00,INR,2026-08-04T12:00:00
ord_4,pay_4,1979.00,INR,2026-08-05T13:00:00
ord_5,pay_5,14917.00,INR,2026-08-06T14:00:00
ord_6,pay_6,9974.00,INR,2026-08-07T15:00:00
ord_7,pay_7,788.00,INR,2026-08-08T16:00:00
ord_8,pay_8,8579.00,INR,2026-08-09T09:00:00
ord_9,pay_9,9495.00,INR,2026-08-10T10:00:00
ord_10,pay_10,10947.00,INR,2026-08-11T11:00:00
ord_11,pay_11,7173.00,INR,2026-08-12T12:00:00
ord_12,pay_12,9954.00,INR,2026-08-13T13:00:00
ord_13,pay_13,14542.00,INR,2026-08-14T14:00:00
ord_14,pay_14,11738.00,INR,2026-08-15T15:00:00
ord_15,pay_15,4852.00,INR,2026-08-16T16:00:00
ord_16,pay_16,12809.00,INR,2026-08-17T09:00:00
ord_17,pay_17,1819.00,INR,2026-08-18T10:00:00
ord_18,pay_18,6181.00,INR,2026-08-19T11:00:00
ord_19,pay_19,10191.00,INR,2026-08-20T12:00:00
ord_20,pay_20,1011.00,INR,2026-08-21T13:00:00
ord_21,pay_21,9085.00,INR,2026-08-22T14:00:00
ord_22,pay_22,6501.00,INR,2026-08-23T15:00:00
ord_23,pay_23,13888.00,INR,2026-08-24T16:00:00
ord_24,pay_24,14807.00,INR,2026-08-25T09:00:00
ord_25,pay_25,9759.00,INR,2026-08-26T10:00:00
ord_26,pay_26,1439.00,INR,2026-08-27T11:00:00
ord_27,pay_27,12965.00,INR,2026-08-28T12:00:00
ord_28,pay_28,1607.00,INR,2026-08-01T13:00:00
ord_29,pay_29,14496.00,INR,2026-08-02T14:00:00
ord_30,pay_30,7728.00,INR,2026-08-03T15:00:00
ord_31,pay_31,6277.00,INR,2026-08-04T16:00:00
ord_32,pay_32,6120.00,INR,2026-08-05T09:00:00
ord_33,pay_33,4674.00,INR,2026-08-06T10:00:00
ord_34,pay_34,11499.00,INR,2026-08-07T11:00:00
ord_35,pay_35,10280.00,INR,2026-08-08T12:00:00
ord_36,pay_36,9051.00,INR,2026-08-09T13:00:00
ord_37,pay_37,2977.00,INR,2026-08-10T14:00:00
ord_38,pay_38,4722.00,INR,2026-08-11T15:00:00
ord_39,pay_39,10785.00,INR,2026-08-12T16:00:00
ord_40,pay_40,3898.00,INR,2026-08-13T09:00:00